seqnum,0_id,20_id,40_id,60_id,80_id
100,atI4ribaUCjJRFcn-EPdGw,fr9sG_1QYvEp25UM45X-ZQ,2iinieECMsaB7uIJ_sUZdw,tnjq_7GPM3z4HXXlmwki6A,Bgf-37lkACCMFX5I2V2z6w
200,5Dw8l-8pBUGAenTqgLLe-A,fr9sG_1QYvEp25UM45X-ZQ,2iinieECMsaB7uIJ_sUZdw,tnjq_7GPM3z4HXXlmwki6A,h9aA5-nKN_Xmuie9EoxFVw
300,bzeSaxlJeUN_RERbAd1tgA,fr9sG_1QYvEp25UM45X-ZQ,dqL0g9v0x2rQpTDaXoKRPA,tnjq_7GPM3z4HXXlmwki6A,h9aA5-nKN_Xmuie9EoxFVw
400,bzeSaxlJeUN_RERbAd1tgA,fr9sG_1QYvEp25UM45X-ZQ,xerTLDRGKpB-Z552HprmiQ,tnjq_7GPM3z4HXXlmwki6A,5qJYEoQfuzx3KsNkj0ENOQ
500,bzeSaxlJeUN_RERbAd1tgA,VQ4ujcjYISbzOT-NvQ-EIw,xerTLDRGKpB-Z552HprmiQ,tnjq_7GPM3z4HXXlmwki6A,Z5xVNR35DYStkgQK8f-zJQ
600,bzeSaxlJeUN_RERbAd1tgA,a9_7RfDlfWnClbYDqC2PXA,xerTLDRGKpB-Z552HprmiQ,tnjq_7GPM3z4HXXlmwki6A,Z5xVNR35DYStkgQK8f-zJQ
700,bzeSaxlJeUN_RERbAd1tgA,a9_7RfDlfWnClbYDqC2PXA,xerTLDRGKpB-Z552HprmiQ,tnjq_7GPM3z4HXXlmwki6A,9rSAOWDLAmKf8qwrNBV-Qg
800,bzeSaxlJeUN_RERbAd1tgA,a9_7RfDlfWnClbYDqC2PXA,xerTLDRGKpB-Z552HprmiQ,dQKkghmZFxAb3uF0OR5XYw,9rSAOWDLAmKf8qwrNBV-Qg
900,bzeSaxlJeUN_RERbAd1tgA,a9_7RfDlfWnClbYDqC2PXA,xerTLDRGKpB-Z552HprmiQ,dQKkghmZFxAb3uF0OR5XYw,9rSAOWDLAmKf8qwrNBV-Qg
1000,bzeSaxlJeUN_RERbAd1tgA,a9_7RfDlfWnClbYDqC2PXA,xerTLDRGKpB-Z552HprmiQ,dQKkghmZFxAb3uF0OR5XYw,9rSAOWDLAmKf8qwrNBV-Qg
1100,bzeSaxlJeUN_RERbAd1tgA,a9_7RfDlfWnClbYDqC2PXA,xerTLDRGKpB-Z552HprmiQ,dQKkghmZFxAb3uF0OR5XYw,9rSAOWDLAmKf8qwrNBV-Qg
1200,bzeSaxlJeUN_RERbAd1tgA,EH4-HUlQw32wmKIOU3ktsQ,xerTLDRGKpB-Z552HprmiQ,dQKkghmZFxAb3uF0OR5XYw,9rSAOWDLAmKf8qwrNBV-Qg
1300,cUyideMAd2PV-vDbkbLtNA,EH4-HUlQw32wmKIOU3ktsQ,uk2YSMWDYJc_9n1kNSEupQ,dQKkghmZFxAb3uF0OR5XYw,9rSAOWDLAmKf8qwrNBV-Qg
1400,cUyideMAd2PV-vDbkbLtNA,EH4-HUlQw32wmKIOU3ktsQ,uk2YSMWDYJc_9n1kNSEupQ,dQKkghmZFxAb3uF0OR5XYw,9rSAOWDLAmKf8qwrNBV-Qg
1500,cUyideMAd2PV-vDbkbLtNA,EH4-HUlQw32wmKIOU3ktsQ,uk2YSMWDYJc_9n1kNSEupQ,dQKkghmZFxAb3uF0OR5XYw,9rSAOWDLAmKf8qwrNBV-Qg
1600,cUyideMAd2PV-vDbkbLtNA,EH4-HUlQw32wmKIOU3ktsQ,uk2YSMWDYJc_9n1kNSEupQ,dQKkghmZFxAb3uF0OR5XYw,9rSAOWDLAmKf8qwrNBV-Qg
1700,cUyideMAd2PV-vDbkbLtNA,EH4-HUlQw32wmKIOU3ktsQ,uk2YSMWDYJc_9n1kNSEupQ,dQKkghmZFxAb3uF0OR5XYw,9rSAOWDLAmKf8qwrNBV-Qg
1800,cUyideMAd2PV-vDbkbLtNA,EH4-HUlQw32wmKIOU3ktsQ,uk2YSMWDYJc_9n1kNSEupQ,dQKkghmZFxAb3uF0OR5XYw,9rSAOWDLAmKf8qwrNBV-Qg
1900,cUyideMAd2PV-vDbkbLtNA,P3Kps8WnNt2hm4KaK3tVFg,uk2YSMWDYJc_9n1kNSEupQ,dQKkghmZFxAb3uF0OR5XYw,9rSAOWDLAmKf8qwrNBV-Qg
2000,cUyideMAd2PV-vDbkbLtNA,P3Kps8WnNt2hm4KaK3tVFg,uk2YSMWDYJc_9n1kNSEupQ,dQKkghmZFxAb3uF0OR5XYw,9rSAOWDLAmKf8qwrNBV-Qg
2100,cUyideMAd2PV-vDbkbLtNA,P3Kps8WnNt2hm4KaK3tVFg,uk2YSMWDYJc_9n1kNSEupQ,dQKkghmZFxAb3uF0OR5XYw,9rSAOWDLAmKf8qwrNBV-Qg
2200,cUyideMAd2PV-vDbkbLtNA,P3Kps8WnNt2hm4KaK3tVFg,uk2YSMWDYJc_9n1kNSEupQ,dQKkghmZFxAb3uF0OR5XYw,9rSAOWDLAmKf8qwrNBV-Qg
2300,cUyideMAd2PV-vDbkbLtNA,P3Kps8WnNt2hm4KaK3tVFg,uk2YSMWDYJc_9n1kNSEupQ,dQKkghmZFxAb3uF0OR5XYw,9rSAOWDLAmKf8qwrNBV-Qg
2400,cUyideMAd2PV-vDbkbLtNA,P3Kps8WnNt2hm4KaK3tVFg,uk2YSMWDYJc_9n1kNSEupQ,dQKkghmZFxAb3uF0OR5XYw,9rSAOWDLAmKf8qwrNBV-Qg
2500,cUyideMAd2PV-vDbkbLtNA,P3Kps8WnNt2hm4KaK3tVFg,uk2YSMWDYJc_9n1kNSEupQ,dQKkghmZFxAb3uF0OR5XYw,9rSAOWDLAmKf8qwrNBV-Qg
2600,cUyideMAd2PV-vDbkbLtNA,P3Kps8WnNt2hm4KaK3tVFg,uk2YSMWDYJc_9n1kNSEupQ,dQKkghmZFxAb3uF0OR5XYw,9rSAOWDLAmKf8qwrNBV-Qg
2700,cUyideMAd2PV-vDbkbLtNA,P3Kps8WnNt2hm4KaK3tVFg,uk2YSMWDYJc_9n1kNSEupQ,dQKkghmZFxAb3uF0OR5XYw,9rSAOWDLAmKf8qwrNBV-Qg
2800,cUyideMAd2PV-vDbkbLtNA,P3Kps8WnNt2hm4KaK3tVFg,uk2YSMWDYJc_9n1kNSEupQ,dQKkghmZFxAb3uF0OR5XYw,9rSAOWDLAmKf8qwrNBV-Qg
2900,cUyideMAd2PV-vDbkbLtNA,P3Kps8WnNt2hm4KaK3tVFg,kZQBHEbEcjICHrPhQL2EkQ,dQKkghmZFxAb3uF0OR5XYw,9rSAOWDLAmKf8qwrNBV-Qg
3000,cUyideMAd2PV-vDbkbLtNA,P3Kps8WnNt2hm4KaK3tVFg,kZQBHEbEcjICHrPhQL2EkQ,dQKkghmZFxAb3uF0OR5XYw,9rSAOWDLAmKf8qwrNBV-Qg
